{
    "T_CvC": [
        [
            0.9983979599722703,
            -0.05656679349590773,
            0.0013082036539723454,
            -0.02705146445059099
        ],
        [
            0.05644421542774108,
            0.9973139855720422,
            0.0466783111000722,
            -0.037753957566250385
        ],
        [
            -0.003945132184818623,
            -0.046529690048394884,
            0.9989091169250807,
            0.043751379564539845
        ],
        [
            0.0,
            0.0,
            0.0,
            1.0
        ]
    ],
    "T_TvT": [
        [
            0.9973034891292609,
            0.008109655388472557,
            0.07293822084533208,
            -0.21584303129791893
        ],
        [
            -0.01548728735631608,
            0.9947495895080005,
            0.10116025950939092,
            -0.04989672043013256
        ],
        [
            -0.07173489040170836,
            -0.10201709495542716,
            0.9921928329895909,
            0.02855042593906723
        ],
        [
            0.0,
            0.0,
            0.0,
            1.0
        ]
    ]
}